{"assets/font/AvertaStd-Bold.ttf":["assets/font/AvertaStd-Bold.ttf"],"assets/font/AvertaStd-ExtraBold.ttf":["assets/font/AvertaStd-ExtraBold.ttf"],"assets/font/AvertaStd-Extrathin.ttf":["assets/font/AvertaStd-Extrathin.ttf"],"assets/font/AvertaStd-Light.ttf":["assets/font/AvertaStd-Light.ttf"],"assets/font/AvertaStd-Regular.ttf":["assets/font/AvertaStd-Regular.ttf"],"assets/font/AvertaStd-Semibold.ttf":["assets/font/AvertaStd-Semibold.ttf"],"assets/font/AvertaStd-Thin.ttf":["assets/font/AvertaStd-Thin.ttf"],"assets/icon/ClockIcon.svg":["assets/icon/ClockIcon.svg"],"assets/icon/Icon Location.svg":["assets/icon/Icon Location.svg"],"assets/icon/Icon Search.png":["assets/icon/Icon Search.png"],"assets/icon/IconActivity.svg":["assets/icon/IconActivity.svg"],"assets/icon/IconApple.svg":["assets/icon/IconApple.svg"],"assets/icon/IconBack.svg":["assets/icon/IconBack.svg"],"assets/icon/IconGoogle.png":["assets/icon/IconGoogle.png"],"assets/icon/IconGoogle.svg":["assets/icon/IconGoogle.svg"],"assets/icon/IconInstagram.svg":["assets/icon/IconInstagram.svg"],"assets/icon/IconMenu.svg":["assets/icon/IconMenu.svg"],"assets/icon/IconMore.svg":["assets/icon/IconMore.svg"],"assets/icon/IconPrivacyx.svg":["assets/icon/IconPrivacyx.svg"],"assets/icon/IconSearch.svg":["assets/icon/IconSearch.svg"],"assets/icon/Iconfacebook.svg":["assets/icon/Iconfacebook.svg"],"assets/icon/Iconhome.svg":["assets/icon/Iconhome.svg"],"assets/icon/Iconmouse-circle.svg":["assets/icon/Iconmouse-circle.svg"],"assets/icon/Iconpass_eye.svg":["assets/icon/Iconpass_eye.svg"],"assets/icon/Iconscan-barcode.svg":["assets/icon/Iconscan-barcode.svg"],"assets/icon/LocationIcon.svg":["assets/icon/LocationIcon.svg"],"assets/icon/YourLocationIcon.svg":["assets/icon/YourLocationIcon.svg"],"assets/icon/gallery-add.svg":["assets/icon/gallery-add.svg"],"assets/icon/lock.svg":["assets/icon/lock.svg"],"assets/icon/sms.svg":["assets/icon/sms.svg"],"assets/image/Bitmap.png":["assets/image/Bitmap.png"],"assets/image/C.png":["assets/image/C.png"],"assets/image/Img Battery.png":["assets/image/Img Battery.png"],"assets/image/Img Brake.png":["assets/image/Img Brake.png"],"assets/image/Img Engine.png":["assets/image/Img Engine.png"],"assets/image/Img Tire.png":["assets/image/Img Tire.png"],"assets/image/Logo.png":["assets/image/Logo.png"],"assets/image/Logo@1x-1.svg":["assets/image/Logo@1x-1.svg"],"assets/image/Rectangle.png":["assets/image/Rectangle.png"],"assets/image/TowingTruck.png":["assets/image/TowingTruck.png"],"assets/image/arabic.png":["assets/image/arabic.png"],"assets/image/bgmap.png":["assets/image/bgmap.png"],"assets/image/english.png":["assets/image/english.png"],"assets/image/profile.png":["assets/image/profile.png"],"packages/cupertino_icons/assets/CupertinoIcons.ttf":["packages/cupertino_icons/assets/CupertinoIcons.ttf"]}