[{"family":"MaterialIcons","fonts":[{"asset":"fonts/MaterialIcons-Regular.otf"}]},{"family":"Averta-Bold","fonts":[{"asset":"assets/font/AvertaStd-Bold.ttf"}]},{"family":"Averta-Light","fonts":[{"asset":"assets/font/AvertaStd-Light.ttf"}]},{"family":"Averta-Medium","fonts":[{"asset":"assets/font/AvertaStd-Thin.ttf"}]},{"family":"Averta-Regular","fonts":[{"asset":"assets/font/AvertaStd-Regular.ttf"}]},{"family":"Averta-SemiBold","fonts":[{"asset":"assets/font/AvertaStd-Semibold.ttf"}]},{"family":"packages/cupertino_icons/CupertinoIcons","fonts":[{"asset":"packages/cupertino_icons/assets/CupertinoIcons.ttf"}]}]